,Unnamed: 0,tweet_id_str,date_time,location,tweet_text,ML_label,subjectivity,polarity,TBsentiment,vader_compound,VADERsentiment
0,0,1542639871981920256,2022-06-30 22:43:01+00:00,"Pennsylvania, USA","Interview with renowned Oxford epidemiologist Dr. Sunetra Gupta pandemic viruses, population immunity amp the immunological landscape, how SARS CoV 2 is not all that unusual amp the perverse outcome of intervention, more. ",0,0.75,0.35,Positive,-0.4215,Negative
1,1,1542621979496402952,2022-06-30 21:31:55+00:00,"New York, USA",RNA vaccine covid19 vaccine especially dangerous because the vaccine is directed at a old covid 19 spike protein that is no longer became extinct when the original covid 19 became extinct due herd immunity.This vaccine does not give protection . ,0,0.5875,-0.2416666666666667,Negative,-0.5095,Negative
2,2,1542613809285795840,2022-06-30 20:59:27+00:00,"Wirral, UK","With freedom day fast approaching, the Government is going for herd immunity #COVID19 #humour #KindleUnlimited ",0,0.3,0.1,Positive,0.8074,Positive
3,3,1542601823202119681,2022-06-30 20:11:49+00:00,"BC, Canada(formerly, Calif)",Opinion How one doctor wrecked the pandemic response ,0,0.0,0.0,Neutral,0.0,Neutral
4,4,1542600827730157568,2022-06-30 20:07:52+00:00,,"Marching between Skippy and James Topp is Dr Paul Alexander, the Trump Caputo science adviser who called for millions of Americans to be infected with Covid 19 to achieve herd immunity amp save the economy. Alexander dominated Topp's presser with 24 CPC MPs in Ottawa a week ago. ",0,0.0,0.0,Neutral,0.0,Neutral
5,5,1542577731841544192,2022-06-30 18:36:05+00:00,"Tampa, FL",How one doctor wrecked the pandemic response ,0,0.0,0.0,Neutral,0.0,Neutral
6,6,1542564384974770178,2022-06-30 17:43:03+00:00,"Ottawa, Ontario",The man following Poilievre is Donald Trump's health advisor who wanted infants infected with COVID. ,0,0.1,0.0,Neutral,-0.4939,Negative
7,7,1542549028956786689,2022-06-30 16:42:02+00:00,üåé,How did the herd immunity approach get embraced by Trump? The House select subcommittee on the pandemic points to Dr. Scott Atlas ,0,0.0,0.0,Neutral,0.0,Neutral
8,8,1542525737743400960,2022-06-30 15:09:29+00:00,"New York, NY","The Editl Bd Mr. #Trump embraced a wrongheaded policy that appealed to his hope the virus would go away...How wrong was Dr. Atlas? He said that the virus might cause abt 10,000 deaths. In the end, it directly caused at least 1 million... ",0,0.5666666666666668,-0.2333333333333333,Negative,-0.0516,Negative
9,9,1542525573875961856,2022-06-30 15:08:50+00:00,"Wenen, Oostenrijk","'Sage never discussed the now notorious herd immunity plan that apparently started in the government s behavioural insights unit, hardly epidemiologists. A week s delay in the initial lockdown cost 20,000 lives.' ",0,0.2972222222222222,-0.08055555555555556,Negative,-0.6369,Negative
10,10,1542525360461565952,2022-06-30 15:07:59+00:00,,"Dear Lord I trust Xi over Biden Bloomberg Xi Warns Against 'Herd Immunity,' Vows to Stick With Covid Zero. via ",0,0.0,0.0,Neutral,0.6705,Positive
11,11,1542522579625250822,2022-06-30 14:56:56+00:00,,"President #XiJinping has reiterated that the dynamic zero #COVID policy has proved to be correct and effective in the nation's response to COVID 19 outbreaks, saying that the herd immunity approach would cause unimaginable consequences in such a populous country as China. ",0,0.48888888888888893,0.19999999999999998,Positive,0.6908,Positive
12,12,1542519892766642177,2022-06-30 14:46:15+00:00,Indiana,"I recently talked with about the immunological landscape of population immunity, how SARS CoV 2 is not all that unusual, the perverse outcome of intervention, and how she doesn t lose sleep worrying about an apocalyptic pandemic. ",1,0.625,0.1,Positive,-0.9062,Negative
13,13,1542518400198385667,2022-06-30 14:40:19+00:00,Whadjuk Noongar Boodja,TFW the expression Perth degrees of separation now means you got Covid 19 Still cannot believe how we came from lowest in the world to herd immunity. She'll be right. ,0,0.5357142857142857,0.2857142857142857,Positive,-0.3818,Negative
14,14,1542507794548502531,2022-06-30 13:58:11+00:00,Same Keenan Powell on Facebook,Opinion How one doctor wrecked the pandemic response ,0,0.0,0.0,Neutral,0.0,Neutral
15,15,1542492967117651971,2022-06-30 12:59:16+00:00,Western NC,"Hey, y'all. If you're one of the people that keeps asking Is there anyone that hasn't had Covid 19, yet? Please stop. You're not holding a survey. You're asking for anecdotes, at best. We're not going to reach herd immunity with Covid. Just mask, vax, distance, wash y'hands.",0,0.3,1.0,Positive,0.64,Positive
16,16,1542470948770775042,2022-06-30 11:31:46+00:00,,"... because Western Govt.'s pandemic exit strategy and tactics are to reach the goal of viral attenuation via in vivo serial passaging in the cell tissue of unvaccinated school children, and herd immunity antibodies and T Cell memory via mass infection. BTW, it failed in the UK. ",0,0.15,-0.25,Negative,-0.4939,Negative
17,17,1542468737751818241,2022-06-30 11:22:59+00:00,"Jinan, Shandong, China","President Xi Jinping has reiterated that the dynamic zero COVID policy has proved to be correct and effective in the nation's response to COVID 19 outbreaks, saying that the herd immunity approach would cause unimaginable consequences in such a populous country as China. ",0,0.48888888888888893,0.19999999999999998,Positive,0.6908,Positive
18,18,1542468576547848192,2022-06-30 11:22:20+00:00,,"President Xi Jinping has reiterated that the dynamic zero COVID policy has proved to be correct and effective in the nation's response to COVID 19 outbreaks, saying that the herd immunity approach would cause unimaginable consequences in such a populous country as China. ",0,0.48888888888888893,0.19999999999999998,Positive,0.6908,Positive
19,19,1542465738061012992,2022-06-30 11:11:04+00:00,"Cambridge, MA",How one doctor wrecked the pandemic response ,0,0.0,0.0,Neutral,0.0,Neutral
20,20,1542445809614086149,2022-06-30 09:51:52+00:00,Birmingham,Over 50000 now #COVID #Birmingham not herd immunity here. Summer wave and still mutating. #mask #ventilate take care ,0,0.0,0.0,Neutral,0.4939,Positive
21,21,1542435772669779969,2022-06-30 09:11:59+00:00,,"President #XiJinping has reiterated that the dynamic zero COVID policy has proved to be correct and effective in China's response to #COVID19 outbreaks, saying that the herd immunity approach would cause unimaginable consequences. ",0,0.48333333333333334,0.3,Positive,0.6908,Positive
22,22,1542429779923959808,2022-06-30 08:48:11+00:00,Hong Kong,"Interesting to see this comment from government health adviser Prof. Ivan Hung just as Xi Jinping arrives in town, who just a day earlier warned against herd immunity amp said zero covid is still the most economic amp effective policy for China ",0,0.5,0.36,Positive,0.6077,Positive
23,23,1542428402606563329,2022-06-30 08:42:42+00:00,,"sadly likely possibility of a new variant of concern that is more deadly which is a risk to ignore , two things seem rather evident. 1. Long Covid, with each wave of new infection, will represent a huge burden on our economy. Evidence for herd immunity by infection was always 4",0,0.5448863636363637,0.14659090909090908,Positive,-0.7906,Negative
24,24,1542411605031489539,2022-06-30 07:35:57+00:00,South Africa,"Covid 19 vaccination levels are dropping fast, putting South Africa's herd immunity target well out of reach. People are reading the end of pandemic restrictions as a signal that vaccination is no longer required, say government monitors. ",0,0.6,0.2,Positive,0.0,Neutral
25,25,1542410387919982597,2022-06-30 07:31:07+00:00,"Montpellier, France"," This is not herd immunity, it s the herd getting more and more vulnerable. ...we re watching water flow uphill. and when you see this, you need to start looking for an external driver. ",0,0.4,0.125,Positive,-0.352,Negative
26,26,1542408389556178944,2022-06-30 07:23:11+00:00,,"Emphasis on the word pointless. Herd immunity from #COVID is a pipe dream. It s not chicken pox. Get it once, get it again. #MaskUp #GetVaccinated ",0,0.725,0.024999999999999994,Positive,0.25,Positive
27,27,1542408341317877760,2022-06-30 07:22:59+00:00,"nipaluna/Hobart, Australia","It s a cynical, pro business, unscientific herd immunity approach, costing us dearly. 92 Tasmanians lost to Covid amp counting, with cases rising amp more dangerous BA. 4 amp 5 becoming dominant. We ve got one of the world s highest transmission rates. Masks save lives. #politas ",0,0.8125,-0.062499999999999986,Negative,-0.3167,Negative
28,28,1542402776986054656,2022-06-30 07:00:53+00:00,"Boston, MA","China will stick to its 'zero Covid' strategy even if it hurts the country's economy, Xi Jinping... Our country has a large population. Such strategies as 'herd immunity' and 'lying flat' would lead to consequences that are unimaginable, Xi said. 35m ago ",0,0.3511904761904762,0.0630952380952381,Positive,-0.7579,Negative
29,29,1542375733929971712,2022-06-30 05:13:25+00:00,"Kennewick, WA","How wrong was #DrAtlas? In that March email, he said that judging by early estimates, the virus might cause about 10,000 deaths. In the end, it directly caused at least 1 million deaths in the United States and indirectly many more. ",0,0.5,0.06666666666666665,Positive,-0.0772,Negative
30,30,1542373678029094913,2022-06-30 05:05:15+00:00,,Everyone should watch this video from February 2020 THE most critical period of the Covid 19 response THE HERD IMMUNITY PROJECT ,1,0.65,0.25,Positive,-0.3804,Negative
31,31,1542333615811579906,2022-06-30 02:26:03+00:00,"Tucson, Arizona",How one doctor wrecked the pandemic response ,0,0.0,0.0,Neutral,0.0,Neutral
32,32,1542329014739673089,2022-06-30 02:07:46+00:00,,No covid for me I don't mask Haven't been vaccinated Young good immune system Probably built up some kind of antibodies Herd immunity works #masksdont #thatsprovenscience,1,0.6333333333333333,0.4666666666666666,Positive,0.4404,Positive
33,33,1542326302493085696,2022-06-30 01:57:00+00:00,,"President #XiJinping has reiterated that the dynamic zero COVID policy has proved to be correct and effective in China's response to #COVID19 outbreaks, saying that the herd immunity approach would cause unimaginable consequences. ",0,0.48333333333333334,0.3,Positive,0.6908,Positive
34,34,1542320047632302085,2022-06-30 01:32:08+00:00,,"President #XiJinping has reiterated that the dynamic zero COVID policy has proved to be correct and effective in the nation's response to #COVID19 outbreaks, saying that the herd immunity approach would cause unimaginable consequences in such a populous country as China. ",0,0.48888888888888893,0.19999999999999998,Positive,0.6908,Positive
35,35,1542311143917686784,2022-06-30 00:56:46+00:00,,"It s actually wearing one, especially knowing that the science doesn t support wearing a mask prevents exposure to Covid, only the slow of spread. So I d much rather build a herd immunity as quickly as possible. Even as an immunocompromised individual ",0,0.5857142857142857,-0.01428571428571429,Negative,0.4588,Positive
36,36,1542293398282854407,2022-06-29 23:46:15+00:00,"Vancouver, BC"," This is not herd immunity, it s the herd getting more and more vulnerable. Omicron is spreading like wildfire because it s optimized to infect the vaccinated. Their antigenic fixation has frozen their immune response boosters aren t going to help. ",0,0.5,0.16666666666666666,Positive,0.7872,Positive
37,37,1542290472562855937,2022-06-29 23:34:37+00:00,Milliways,"Thank you for your advocacy . As you said, we need more rational and knowledgeable voices in the media debunking common myths about COVID including false claims that the disease will become milder over time, and the population will achieve herd immunity. ",1,0.5333333333333333,-0.0666666666666667,Negative,0.3612,Positive
38,38,1542286667050266624,2022-06-29 23:19:30+00:00,,Eugenics programme known as living with covid or reaching herd immunity is going well. ,1,0.0,0.0,Neutral,0.4404,Positive
39,39,1542283889179238400,2022-06-29 23:08:28+00:00,,"Xi Warns Against Herd Immunity, Vows to Stick With Covid Zero ",0,0.0,0.0,Neutral,-0.1027,Negative
40,40,1542283443349889024,2022-06-29 23:06:41+00:00,,Opinion How Scott Atlas's 'herd immunity' approach wrecked covid response The Washington Post ,0,0.0,0.0,Neutral,0.0,Neutral
41,41,1542278147403661313,2022-06-29 22:45:39+00:00,South Wales,Why don t people understand that Covid is horrible you don t develop immunity to it there is no herd immunity and the more it s allowed to spread the more it will mutate and dodge the vaccines. Frustrated trying to run a business. #WearAMask #COVIDisAirborne ,0,0.55,-0.175,Negative,-0.8442,Negative
42,42,1542276606022090758,2022-06-29 22:39:31+00:00,USA,"Xi Warns Against Herd Immunity, Vows to Stick With Covid Zero ",0,0.0,0.0,Neutral,-0.1027,Negative
43,43,1542276300290899970,2022-06-29 22:38:18+00:00,Florida,Opinion How Scott Atlas's 'herd immunity' approach wrecked covid response The Washington Post ,0,0.0,0.0,Neutral,0.0,Neutral
44,44,1542270503263805440,2022-06-29 22:15:16+00:00,¬Ø\_(„ÉÑ)_/¬Ø,Sadly QLD's CHO didn't get the memo that COVID is disproving the notion of herd immunity with each variant. Perhaps as far as COVID is concerned Herd Inmunity as a public health measure should be shelved as a viable approach. ,0,0.688888888888889,-0.13333333333333333,Negative,-0.4215,Negative
45,45,1542263581722529795,2022-06-29 21:47:46+00:00,UK,"Covid cases in UK could hit 300,000 a day by next week, scientists warn. About time we had some herd immunity. Pfizer develop a jab for the terrifying Omicron variant and then this news. It's almost like a marketing campaign. Sent via ",0,0.5,-0.5,Negative,-0.4391,Negative
46,46,1542258899314688002,2022-06-29 21:29:10+00:00,"Washington, DC","Bloomberg Xi Warns Against 'Herd Immunity,' Vows to Stick With Covid Zero. ",0,0.0,0.0,Neutral,-0.1027,Negative
47,47,1542258370689863680,2022-06-29 21:27:04+00:00,üåé,From the Editorial Board How one doctor wrecked the pandemic response ,0,0.0,0.0,Neutral,0.0,Neutral
48,48,1542251252934909953,2022-06-29 20:58:46+00:00,,Opinion How one doctor wrecked the pandemic response ,0,0.0,0.0,Neutral,0.0,Neutral
49,49,1542246720196730880,2022-06-29 20:40:46+00:00,N.Y.,Select Subcommittee releases trump s regime herd immunity report There must be accountability for this deliberate act of negligence too many deaths even as i tweet. ,0,0.5,0.5,Positive,0.0,Neutral
50,50,1542236680492564480,2022-06-29 20:00:52+00:00,"Nairobi, Kenya","COVID 19 The enemy within Achieving herd immunity now is no guarantee about what will happen in a year s time because that immunity reduces over time Dr. Loice Ombajo, Infectious Disease Specialist UoN #JKLive ",0,0.0,0.0,Neutral,-0.6416,Negative
51,51,1542231377365504000,2022-06-29 19:39:48+00:00,USA," this is not herd immunity, it s the herd getting more and more vulnerable. and that does not happen like this in the wild. not at this magnitude. we re watching water flow uphill. and when you see this, you need to start looking for an external driver. ",0,0.4,0.12,Positive,-0.5524,Negative
52,52,1542223387098902528,2022-06-29 19:08:03+00:00,new york city,Via How one doctor wrecked the pandemic response ,0,0.0,0.0,Neutral,0.0,Neutral
53,53,1542207281974091776,2022-06-29 18:04:03+00:00,,"Xi takes on straw men in arguing for maintaining his Zero Covid policy Our country has a large population, such strategies as herd immunity and lying flat would lead to consequences that are unimaginable. via ",0,0.3511904761904762,0.0630952380952381,Positive,-0.7506,Negative
54,54,1542203499940806656,2022-06-29 17:49:01+00:00,overal en nergens," This is not herd immunity, it s the herd getting more and more vulnerable. This brilliant article is everything you need to read today but don't do so if you are case sensitive! . 1 2 ",0,0.6799999999999999,0.305,Positive,0.3566,Positive
55,55,1542197883985960963,2022-06-29 17:26:42+00:00,"Manchester, England",1 in 63 people in the North West has been hospitalised due to COVID throughout the pandemic. Yet hospitalisations are still surging. Herd immunity was the biggest failed experiment. ,0,0.3375,-0.3125,Negative,-0.5106,Negative
56,56,1542191171174268928,2022-06-29 17:00:02+00:00,"Atlanta, GA",Hope of Herd Immunity Dwindles Alongside Federal COVID 19 Budget and Supplies ADTX and AditxtScore TM Could Create Map to COVID 19 Immune Responses #medical ,0,0.0,0.0,Neutral,0.7351,Positive
57,57,1542175720197218304,2022-06-29 15:58:38+00:00,,There s less deaths from the new Covid variant. Herd immunity is finally doing its thing.,1,0.5070707070707071,-0.010101010101010102,Negative,0.0,Neutral
58,58,1542175355892469760,2022-06-29 15:57:11+00:00,"Here, duh"," This is not herd immunity, it s the herd getting more and more vulnerable. ",0,0.5,0.16666666666666666,Positive,-0.352,Negative
59,59,1542175029500182528,2022-06-29 15:55:53+00:00,"Stockport, Uk","Covid cases are surging towards 300,000 a day prompting warnings the autumn wave will be worse than expected So Boris how has your plan for 'herd immunity' worked for the UK so far? ",0,0.6666666666666666,-0.13333333333333333,Negative,-0.6486,Negative
60,60,1542174067847036929,2022-06-29 15:52:04+00:00,,REPORT Fauci Admits He Lied Because Country Wasn t Ready To Hear The Truth via ,0,0.5,0.2,Positive,0.5267,Positive
61,61,1542173894404194306,2022-06-29 15:51:23+00:00,,"Second to Brazil, the U.S. has the highest covid deaths per capita in the world. Remember when Bolsonaro was accused of mass homicide for promoting herd immunity? ",0,0.0,0.0,Neutral,0.0772,Positive
62,62,1542173134287167490,2022-06-29 15:48:22+00:00,Hong Kong,"Xi warns against 'herd immunity', vows to stick with Covid zero policy ",0,0.0,0.0,Neutral,-0.1027,Negative
63,63,1542166836648853505,2022-06-29 15:23:20+00:00,,AI amp CYBER via we shared them trying to use the fact that people believed in herd immunity to lie in order to still keep open schools for the purpose to spread covid and track it into and out of family home structures on open zoom. now zoom censor,0,0.5,0.0,Neutral,-0.1531,Negative
64,64,1542165592974626816,2022-06-29 15:18:24+00:00,australja,The only reason why the pandemic is still here is because a stubborn minority is continuing to wear masks and preventing us from reaching herd immunity ,0,1.0,0.0,Neutral,-0.25,Negative
65,65,1542162432222789635,2022-06-29 15:05:50+00:00,A top secret base in the UK ,"Disgraceful. How to control a pandemic, Ignore it and hope for herd immunity and some of your loved ones will die. ",0,0.8,0.7,Positive,0.1027,Positive
66,66,1542158546351149056,2022-06-29 14:50:24+00:00,"San Diego, CA","The cat opines here this is not herd immunity, it s the herd getting more and more vulnerable and that does not happen like this in the wild not at this magnitude. ",0,0.475,0.15,Positive,-0.5524,Negative
67,67,1542154747070894081,2022-06-29 14:35:18+00:00,"New York, NY",President Xi the consequences of focusing on achieving herd immunity in China would be unthinkable China's zero Covid measures are the most economical and effective. ,0,0.75,0.3375,Positive,0.5209,Positive
68,68,1542151174316597253,2022-06-29 14:21:06+00:00,A top secret base in the UK ,Sorry to hear that and yes clinically vulnerable people are being let down by the government's herd immunity covid plan. Myself included I have asthma . ,0,0.5962962962962963,-0.38518518518518524,Negative,0.128,Positive
69,69,1542149331662282754,2022-06-29 14:13:47+00:00,"Lagos, Nigeria","Xi Warns Against Herd Immunity, Vows to Stick With Covid Zero ",0,0.0,0.0,Neutral,-0.1027,Negative
70,70,1542145393382785025,2022-06-29 13:58:08+00:00,"Devon, UK & California, USA",Just like Herd Immunity Covid and look where that got us! #ToriesDevoidOfShame ,0,0.0,0.0,Neutral,0.4199,Positive
71,71,1542142090573914114,2022-06-29 13:45:00+00:00,Dubai,"President Xi Jinping declares #COVID Zero the most economic and effective policy for #China, during a symbolic visit to Wuhan in which he cast the strategy as proof of the superiority of the country s political system. ",1,0.4,0.32499999999999996,Positive,0.6969,Positive
72,72,1542133366711283712,2022-06-29 13:10:20+00:00,,"Xi says Covid zero policy most economic, effective for China, warns against herd immunity ",0,0.5,0.4333333333333333,Positive,0.4549,Positive
73,73,1542130390160343043,2022-06-29 12:58:31+00:00,UK,Do you believe in Sir Patrick Vallance's herd immunity for SARS CoV 2? ,0,0.0,0.0,Neutral,0.0,Neutral
74,74,1542124983844974593,2022-06-29 12:37:02+00:00,"Washington, DC","Most of the world is letting covid rip, meaning most measures to stop the spread have ended. I m supportive of this herd immunity approach with vaccines available, but Governments should be giving new guidance explaining Covid is an #Endemic. ",0,0.5709090909090909,0.40727272727272723,Positive,0.453,Positive
75,75,1542103025266966528,2022-06-29 11:09:46+00:00,Southwest Missouri,"Xi Warns Against 'Herd Immunity,' Vows to Stick With Covid Zero ",0,0.0,0.0,Neutral,-0.1027,Negative
76,76,1542096311708954624,2022-06-29 10:43:06+00:00,"Gastonia, NC","Xi Warns Against Herd Immunity, Vows to Stick With Covid Zero. via ",0,0.0,0.0,Neutral,-0.1027,Negative
77,77,1542092625284571136,2022-06-29 10:28:27+00:00,,"Chinas Xi warns of herd immunity, says COVID Zero policy works best ",1,0.3,1.0,Positive,0.5859,Positive
78,78,1542088338089426949,2022-06-29 10:11:25+00:00,,"Xi Warns Against Herd Immunity, Vows to Stick With Covid Zero ",0,0.0,0.0,Neutral,-0.1027,Negative
79,79,1542087951340945408,2022-06-29 10:09:52+00:00,UAE,"China s Xi warns against herd immunity, says COVID Zero policy works best ",1,0.3,1.0,Positive,0.5859,Positive
80,80,1542087872265715712,2022-06-29 10:09:34+00:00,"Kirriemuir, Scotland",Covid stricken Jeremy Vine leads calls for RETURN to shielding.They are not telling you because they want herd immunity that is why they are not reporting it via ,0,0.0,0.0,Neutral,-0.4588,Negative
81,81,1542087774479781894,2022-06-29 10:09:10+00:00,Bizarro world, Immune system expert Prof. Cyrille Cohen wants to actively encourage herd immunity among the vulnerable and older population by injecting the last few people in the country who still have true immunity with a non sterilising vaccine . ,0,0.33571428571428574,-0.01666666666666668,Negative,0.8271,Positive
82,82,1542073761695862784,2022-06-29 09:13:29+00:00,,"Xi said China's #COVID response measures have protected people's lives and health to the greatest extent. If China had adopted the 'herd immunity' policy or a hands off approach, given its large population, the country would have faced catastrophic consequences. #XiJinping ",1,0.7142857142857143,0.6071428571428571,Positive,0.5994,Positive
83,83,1542072387679580160,2022-06-29 09:08:02+00:00,Canada,"Xi Warns Against 'Herd Immunity,' Vows to Stick With Covid Zero ",0,0.0,0.0,Neutral,-0.1027,Negative
84,84,1542062542872141826,2022-06-29 08:28:55+00:00,"Beijing, China","During his visit to Wuhan, President Xi said that given China's large population, if it pursues herd immunity and adopts lying down approach, the consequences would be unimaginable amp dynamic zero COVID is the most economical and effective choice for the country. ",0,0.5140211640211639,0.24312169312169316,Positive,0.5046,Positive
85,85,1542050733209653255,2022-06-29 07:41:59+00:00,United Kingdom,On the discredited herd immunity strategy This is interesting hatchet job on early US strategy. Have no time for Trump but this is such a partisan attack. You need to click through to get full thing. The text is only some 20 pages long. ,0,0.5416666666666666,0.15,Positive,-0.705,Negative
86,86,1542041045533196290,2022-06-29 07:03:29+00:00,WA ,ItSpeaks4Itself! You don t get it FAUCI S ARMY PREACHED Herd Immunity amp instead LOCKED DOWN THE WORLD! GOD GAVE YOU IMMUNITY! MILLIONS OF MANKIND WHO TAKE CARE OF THEIR BODY S amp IMMUNE SYSTEM! WEATHERED The Covid 19 flu WITHOUT WEIRD SCIENCE ,0,0.6444444444444445,-0.4019097222222222,Negative,0.8841,Positive
87,87,1542040163009695745,2022-06-29 06:59:59+00:00,Beijing,"Xi visits #Wuhan, emphasizing that China has to stick with the dynamic zero Covid tolerance policy, saying that given the large population, China can t take the herd immunity policy or lying flat in dealing with the virus, those stances will lead to disastrous outcome. ",0,0.3800595238095238,-0.12767857142857142,Negative,-0.5423,Negative
88,88,1542038977825341440,2022-06-29 06:55:16+00:00,Barneveld,"Dr. Jay Bhattacharya on Vaccine Mandates, Herd Immunity, and Why Zero COVID 19 Is Impossible ",0,1.0,-0.6666666666666666,Negative,0.0,Neutral
89,89,1542036138726084608,2022-06-29 06:43:59+00:00,,"President Xi If China chooses the path of herd immunity or lying flat and doing nothing, there would be unthinkable consequences. The dynamic zero covid policy fits China s special condition. We should remain committed to this policy even at the expense of the economic growth. ",0,0.3726190476190476,0.09642857142857143,Positive,0.6808,Positive
90,90,1542035054498414592,2022-06-29 06:39:41+00:00,Shanghai HongKong,"Covid zero policy is the most economic and effective way for #China. If we choose herd immunity and Lying flat , based on China's mass population, the consequences would be too ghastly to contemplate, Xi Jinping stressed during his visit to Wuhan, Hubei. Xinhua",0,0.40625,0.31875,Positive,-0.3477,Negative
91,91,1542030563431055360,2022-06-29 06:21:50+00:00,,And we need to stop considering the pandemic over just because we have vaccines that almost do fuck all to reduce transmission of emerging variants or provide any semblance of herd immunity. ,0,0.6,-0.4,Negative,-0.6621,Negative
92,92,1542025895736664064,2022-06-29 06:03:17+00:00,,"Well they are certainly not working for me! #50sWomen no pension, no letter, no notice. We believed the austerity ploy. We all did our bit. Then it was covid and we saw what they thought of us, #BrexitLies cash for honours, No PPE, then #Torycronyism, herd immunity, #partygate ",0,0.5714285714285714,-0.13392857142857142,Negative,0.7482,Positive
93,93,1542021931024752641,2022-06-29 05:47:32+00:00,Sverige,Celebrating two years of Swedish herd immunity and 'late pandemic phase' ,0,0.6,-0.3,Negative,0.5719,Positive
94,94,1541940922379894784,2022-06-29 00:25:38+00:00,,The vaccines cannot catch up with the rapidly mutating coronavirus. But the good news is that we don't have to worry about covid anymore because covid has become a very mild and attenuated illness. And we all probably have natural herd immunity against it anyways. ,1,0.5499999999999999,0.41111111111111115,Positive,0.769,Positive
95,95,1541925263855915008,2022-06-28 23:23:25+00:00,Deep inside the forest....,"Sharing some big laughs amp bonding about deliberately infecting your own citizens with #COVID19 allegedly for herd hybrid immunity. All you re really doing is causing endless mass harm, disability, suffering amp deaths. ",0,0.43000000000000005,0.11499999999999999,Positive,-0.1531,Negative
96,96,1541922258691710977,2022-06-28 23:11:28+00:00,,Covid warning as more times people get reinfected more likely it is they get unlucky and develop long Covid The Independent. Really? You don't say... You thought wrong didn't you. You believed in Herd Immunity . Did Fauci say 70 ,0,0.5178571428571429,0.09285714285714285,Positive,-0.6705,Negative
97,97,1541898030965837824,2022-06-28 21:35:12+00:00,, who would have thought it herd immunity ,0,0.0,0.0,Neutral,0.0,Neutral
98,98,1541868971456139266,2022-06-28 19:39:43+00:00,,"We follow the UK Covid strategy do nothing to the letter, so have a look how that s going. In the UK the spin has rubbed off, people are seeing the herd immunity debacle for what it is the politics of privilege pretending to do public health. #auspol ",0,0.06666666666666667,0.0,Neutral,0.4404,Positive
99,99,1541854236824113152,2022-06-28 18:41:10+00:00,Vancouver,Here is the Atlas Report Trump's plan for dealing with Covid. The fact that so many more would die from Covid was part of the plan. You still support this and ? ,0,0.5,0.5,Positive,-0.3566,Negative
100,100,1541852413577019393,2022-06-28 18:33:56+00:00,NYC - Boston - Chicago - SF,A new congressional report unpacks how a Trump picked coronavirus advisor turned CDC testing guidance into a mess. ,0,0.31477272727272726,-0.019318181818181818,Negative,-0.3612,Negative
101,101,1541849415333433344,2022-06-28 18:22:01+00:00,"Ontario, Canada",Pride month 2022 The leaders and public health officials are blaming homosexual intercourse between two men for fueling the growing monkey pox pandemic... Instead of the herd immunity test they were warned would destroy people's immune systems.. And organs.. We are savages..,0,0.022222222222222223,-0.08333333333333333,Negative,-0.7845,Negative
102,102,1541826523820335104,2022-06-28 16:51:03+00:00,,"This is going to be so interesting. Inquiry into government response to pandemic. Parties, PPE contracts, herd immunity, care homes amp more. Should be good. #bbcpm #r4today ",1,0.5333333333333333,0.5666666666666667,Positive,0.911,Positive
103,103,1541820343685451778,2022-06-28 16:26:30+00:00,,"Johnson has been dragged, kicking and screaming to this We all know why. Herd immunity and politically motivated, death dealing, delays in lockdown. ",0,0.1,0.0,Neutral,-0.5719,Negative
104,104,1541815647411154950,2022-06-28 16:07:50+00:00,"Austin, Texas & Boston, MA",One of the reasons we might never get to the much discussed herd immunity with COVID is the role of these Superantigens. We've been thinking that it's like the flu because it's a coronavirus but COVID might behave more like rabies... ,0,0.35,0.35,Positive,0.5632,Positive
105,105,1541812313157779456,2022-06-28 15:54:35+00:00,Frostbite Falls," The Atlas Dogma The Trump Administration s Embrace of a Dangerous and Discredited Herd Immunity via Mass Infection Strategy, is available in full here and reveals the following key findings #COVIDisAirborne ",1,0.5900000000000001,0.030000000000000006,Positive,-0.5719,Negative
106,106,1541811671466971142,2022-06-28 15:52:02+00:00,,Does anyone remember Covid? You should it s back with a vengeance The Independent. Johnson s government has caused this. His herd immunity plan has caused a lot of pain and suffering .. ,0,0.0625,0.0,Neutral,-0.7506,Negative
107,107,1541811080892223488,2022-06-28 15:49:41+00:00,"North East, England","It's interesting hearing Schwab shrieking lockdown sceptics complain about trans ideology. Yes, it's dishonest! But the idea that Boris didn't pursue herd immunity, that he always planned to lockdown, is also dishonest. It's a massive lie by lunatic zealots who shriek at planes.",0,0.625,-0.04375,Negative,-0.9273,Negative
108,108,1541795980466692096,2022-06-28 14:49:41+00:00,Texas,So Trump went with herd immunity. Maybe they citizens should have been consulted? Herd immunity didn t work do well. Covid task force members worried about 'misinformation' being shared with Trump ,0,0.0,0.0,Neutral,0.0,Neutral
109,109,1541782453924179968,2022-06-28 13:55:56+00:00,Briland or LA,... #BecauseScience natural herd immunity was another prank. ,0,0.4,0.1,Positive,0.3612,Positive
110,110,1541782399813656576,2022-06-28 13:55:43+00:00,"Washington, D.C. ",Evidence obtained by shows how the Trump Admin Weakened CDC #COVID19 guidance Embraced herd immunity via mass infection before vaccines Blocked scientists from speaking about the pandemic Neglected pandemic response to focus on the Big Lie,0,0.1,0.0,Neutral,-0.7783,Negative
111,111,1541777839124512768,2022-06-28 13:37:36+00:00,Plague Island ,No10 dismisses damage to children that their unethical herd immunity policy has caused. Why are public not being informed that those covid reinfections are not mild and are causing chronic illness??? ,0,0.2833333333333333,-0.08333333333333333,Negative,-0.867,Negative
112,112,1541772389767434244,2022-06-28 13:15:57+00:00,"Nairobi, Kenya", Two doctors can have a different opinion on the same matter e.g. different countries took different stances on herd immunity verses pro vaccine to address covid 19. This is because we need to acknowledge that medicine is not an exact science . #PandemicResilience #infodemic ,0,0.43499999999999994,0.05,Positive,0.0258,Positive
113,113,1541760905805008897,2022-06-28 12:30:19+00:00,"District of Columbia, USA",Does this mean we can't vaccinate our way to herd immunity amp exit a pandemic after all? ,0,0.6875,-0.3125,Negative,0.0,Neutral
114,114,1541757656586752000,2022-06-28 12:17:24+00:00,#plagueisland‚ò£,"Says the man who doesn't squeak about 200,000 people dying from covid amp from early on in the pandemic was advising the fascust Tory govt that herd immunity was the only way to deal. Says the man whose party amp employers voted against measures to stop shit being pumped into water. ",0,0.7000000000000001,-0.03333333333333333,Negative,-0.4767,Negative
115,115,1541749165218471936,2022-06-28 11:43:39+00:00,,"#GreatBarringtonDeclaration 'natural herd immunity' or'#DoNothing' Dr.Ian Wilson,a Molecular amp Structural Biologist. Globally 60 of 7 billion people 4.2 billion cases of covid. 1 of 4.2b 42million covid deaths or 0.5 of 4.2 billion covid cases 21million covid deaths #auspol ",0,0.2,0.05,Positive,0.3612,Positive
116,116,1541735190711730177,2022-06-28 10:48:08+00:00,Devon UK,Living with COVID and herd immunity. ,1,0.0,0.0,Neutral,0.0,Neutral
117,117,1541725372617719809,2022-06-28 10:09:07+00:00,Europe,"#COVID19 ah yes, herd immunity ",0,0.0,0.0,Neutral,0.4019,Positive
118,118,1541710587951988738,2022-06-28 09:10:22+00:00,"North East, England","Slater says the reason the brave heroes don't talk about herd immunity and Jan 4 is that their employers don't want them to. So, the brave heroes kept their heads down during the lockdown then pretended to be freedom fighters while being paid to cover up the truth. Brave heroes.",0,0.8222222222222222,0.5611111111111111,Positive,0.978,Positive
119,119,1541706931189997568,2022-06-28 08:55:50+00:00,"Hemel Hempstead, England",Sometimes there is no other way of explaining science than to use a simulation. Here I am using counters in make believe cells to show how infection can move through a population like the plague or Covid. The model also shows how herd immunity works. #iteachbiology ,1,0.375,0.0625,Positive,0.0772,Positive
120,120,1541704213855617026,2022-06-28 08:45:02+00:00,Africa,#Nigeria is still a long way from achieving herd immunity to #COVID19 ,0,0.4,-0.05,Negative,0.0,Neutral
121,121,1541699963872317441,2022-06-28 08:28:09+00:00,Plague Island,"The WHO says herd immunity is not possible, Starmer yet the UK is infecting our children over and over for an immunity that doesn t exist. But we know organ damage and #longcovid do exist. Speak up for covid safe schools. ",0,0.75,0.25,Positive,-0.1154,Negative
122,122,1541672929670594560,2022-06-28 06:40:43+00:00,"Tatungaloong,  GurnaiKunai","Sensible people have not stopped masks, distancing, socialising outdoors etc. Thing is, there will be no herd immunity as now people are reinfecting having Covid does not provide immunity. Getting it, esp x gt 1, indicates serious long term health risks. ",0,0.5333333333333333,-0.19166666666666665,Negative,-0.2105,Negative
123,123,1541626024139624450,2022-06-28 03:34:20+00:00,NYC,Reminder that Biden campaigned on full lockdown measures to stop the spread of COVID but once elected he instead dropped almost all prevention measures amp went all in on continuing Trump's herd immunity plan to just let everyone catch it. Mass #LongCovid is gonna be a bitch ,0,0.55,0.35,Positive,-0.7783,Negative
124,124,1541618571566014464,2022-06-28 03:04:44+00:00,,"Back in Spring of 2020 many people said we should just have everyone get Covid and get it over with so we could all get back to normal. For example, Laurence Tribe. ",0,0.2875,0.1625,Positive,0.0,Neutral
125,125,1541609351319781378,2022-06-28 02:28:05+00:00,"Chicago, IL","#Mass infection based #herd immunity is a fraud! #Japan, with the oldest population in the world 29 percent of Japanese being over 65 , is an example of this fact. Sources ",0,0.0,0.0,Neutral,-0.6239,Negative
126,126,1541606032769687554,2022-06-28 02:14:54+00:00,,"Did you come home from NFT NYC with the gift of COVID? Well, there is a POAP for that! If you caught the covid, add and DM me your wallet address and I'll send you a POAP Remember, only a few more NFT conferences and we'll achieve herd immunity! WAGMI! ",1,0.5333333333333333,0.19375,Positive,0.7074,Positive
127,127,1541599141188743169,2022-06-28 01:47:31+00:00,Domicron Central ,"Just watched Catherine Bennett on the ABC. Any amount of COVID backtracking, apparently we should be cautious of the unknown now. Is it really unknown Cat? What happened to that herd immunity? MilD deaths and Long Covid numbers seem to rattling some of the minimisers. Retreat!",0,0.48999999999999994,0.02416666666666666,Positive,0.2621,Positive
128,128,1541590897518944262,2022-06-28 01:14:45+00:00,"St Louis, MO", STAY HOME EVIL ANTI VAXXERS BECAUSE HERD IMMUNITY! Also I have COVID A vaccine love story in 4 parts. ,1,0.8,-0.25,Negative,-0.6437,Negative
129,129,1541590586653802497,2022-06-28 01:13:31+00:00,"Qu√©bec, Canada","The situation in Sweden, the birthplace of herd immunity , seems catastrophic. The pandemic has somewhat exploded the myth of the Scandinavian model hailed by the pseudo left and progressives of all types. ",0,0.0,0.0,Neutral,-0.3182,Negative
130,130,1541590299889532928,2022-06-28 01:12:23+00:00,"Melbourne, Victoria","The herd immunity theory has been well and truly squashed now. There is no evidence that herd immunity to COVID exists at all. many people have had it two or three times in the past twelve months, and each episode is worse than the last generally. ",0,0.38333333333333336,-0.02,Negative,-0.0772,Negative
131,131,1541582448714305537,2022-06-28 00:41:11+00:00,,Dangerous herd immunity? Wrong. If we would have gone the Herd immunity route and treated sick people with HCQ and ivermectin we would have saved 85 of the people that died from CDC Treatments and now dangerous and deadly COVID Vaxxines. You are clueless dude. ,0,0.7914285714285714,-0.5228571428571429,Negative,-0.9423,Negative
132,132,1541565583380152321,2022-06-27 23:34:10+00:00,Concrete Jungle,Maybe NFT NY was actually an attempt at herd immunity for covid ,0,0.1,0.0,Neutral,0.0,Neutral
133,133,1541564990187900929,2022-06-27 23:31:49+00:00,Around the 30th.," Covid rips through herd immunity Sweden again, causing havoc as people across all sectors of society fall ill. Maybe we could look at this and not repeat the mistake?",0,1.0,-0.5,Negative,-0.6872,Negative
134,134,1541563355911323648,2022-06-27 23:25:19+00:00,Back of the sock drawer.,"You do realise that when it comes to covid, we have been abandoned? There is none of the trumpeted herd immunity . We are the fodder to be fed into the maw of an eternally ravenous economy.",0,0.0,0.0,Neutral,-0.4588,Negative
135,135,1541558514396667907,2022-06-27 23:06:05+00:00,," There were individuals communicating with the White House who believed that if you infected enough people that you would have herd immunity. There was no evidence of that in fact, there was evidence to the contrary. Read here ",0,0.25,0.0,Neutral,-0.6597,Negative
136,136,1541555657241165825,2022-06-27 22:54:44+00:00,New Zealand,"Herd immunity works for some diseases measles, polio. It does not work for Covid. Coronavirus disease COVID 19 Herd immunity, lockdowns and COVID 19 ",0,0.0,0.0,Neutral,0.0,Neutral
137,137,1541545977601032192,2022-06-27 22:16:16+00:00,Classified,Trump administration and Corona virus and herd immunity strategy. ,0,0.0,0.0,Neutral,0.0,Neutral
138,138,1541544136054116353,2022-06-27 22:08:57+00:00,,"This fits Covid Deniers perfectly. Gov'ts and big companies want to let it rip . Even though it's known herd immunity won't work against this Virus. The veil is getting thinner yet, those Covidiots can't see it. Worse, they actually impede others from seeing it as well. ",0,0.45000000000000007,0.15,Positive,0.7937,Positive
139,139,1541532050754109440,2022-06-27 21:20:55+00:00,"Washington, USA","And the Republicans wanted everyone to get it for herd immunity . COVID 19 increases risk of Alzheimer s, Parkinson s amp stroke, study finds ",0,0.0,0.0,Neutral,-0.2732,Negative
140,140,1541511413818167302,2022-06-27 19:58:55+00:00,," Covid boosters will be needed in September as cases continue to rise, a government vaccines expert has warned. They want herd immunity. HERD IMMUNITY DOES NOT WORK FOR VARIANTS THAT ESCAPE IMMUNITY! To end this pandemic, WE MUST REDUCE CASES as well. Why the false dichotomy?",0,0.6,-0.4000000000000001,Negative,0.4633,Positive
141,141,1541509483607769089,2022-06-27 19:51:15+00:00,"Schuylkill County, PA",Click on staff report in the text for actual report. ,1,0.1,0.0,Neutral,0.0,Neutral
142,142,1541500205488607234,2022-06-27 19:14:23+00:00,,I guess we'll never know if it was natural herd immunity or the outlawing of t shirt sales that has seemingly brought us to the tail end of the pandemic.,0,0.4,0.1,Positive,0.3612,Positive
143,143,1541493130721107971,2022-06-27 18:46:16+00:00,"‚ÄúSouth‚ÄùNew Jersey, USA","My Gay brother who has HIV, been seriously sick for 7 months now, just hired a guy to drive him who is, Bible beating, MAGAT, had Covid twice, no amp believes everyone will be fine due to Herd Immunity amp Covid is just a cold now!",0,0.6630952380952382,-0.15119047619047618,Negative,-0.8268,Negative
144,144,1541488196143529987,2022-06-27 18:26:40+00:00,Cambridge UK,"Yet the UK govt we re pushing herd immunity at the cost of hundreds of thousands of deaths and millions with long Covid they re not even publishing numbers now and ditched masks. They want to kill us, dumb us down amp keep us in line, whilst profiting from us.#fascism #GTTO ",0,0.3962962962962963,-0.19351851851851853,Negative,-0.7269,Negative
145,145,1541473735382691840,2022-06-27 17:29:12+00:00,Silicon Valley,"One million dead, partly thanks to this clown. How hiring the wrong medical expert derailed US pandemic response Ars Technica ",0,0.375,-0.125,Negative,-0.8016,Negative
146,146,1541458103287382016,2022-06-27 16:27:05+00:00,De Montfort University,"I guess this surge puts the notion of herd immunity to bed. Omicron does not confer much immunity to omicron. Heading back up to 3,000,000 symptomatic cases. Who knows where the peak will be? The NHS will not be ready for this over the summer. ",0,0.2333333333333333,0.13333333333333333,Positive,-0.2755,Negative
147,147,1541457998266175490,2022-06-27 16:26:40+00:00,,"Annals of incompetent leadership about the Trump White House's hiring of Scott Atlas, a neuroradiologist with no infectious disease experience as an ersatz pandemic guru, with expected results ",0,0.2555555555555556,-0.15,Negative,-0.6486,Negative
148,148,1541440597847932931,2022-06-27 15:17:31+00:00,"Austin, Texas",gm. Save money on a Covid vax shot. Just come to NFT NYC to get your herd immunity.,1,0.0,0.0,Neutral,0.4939,Positive
149,149,1541440284038397955,2022-06-27 15:16:16+00:00,Namibia,"Even people that never heard of herd immunity before Covid 19, they re busy advocating for herd immunity within the vaccinated community. To then apparently herd immunity can t happen to unvaccinated people. Bottom line, Covid 19 is a scam. ",0,0.32499999999999996,0.07500000000000001,Positive,-0.5719,Negative
150,150,1541439133494788097,2022-06-27 15:11:42+00:00,," herd immunity depends on some hidden assumptions. 1st, that resistant people stay resistant. 2nd, that resistant or vaccinated people cannot transmit the virus. Scientists learned over the past 2 years that these assumptions do not hold for COVID 19 ",0,0.19444444444444442,-0.13888888888888887,Negative,0.0,Neutral
151,151,1541438546652893186,2022-06-27 15:09:22+00:00,"North East, England",I ll probably be delivery driving for the rest of my life because I was the only one honest enough to discuss the union driven herd immunity capitulation of March 2020 and the NEU mutiny that led to the spin lockdown of Jan 4 2021. I don t need any lessons on making sacrifices. ,0,0.7999999999999999,0.19999999999999998,Positive,0.5106,Positive
152,152,1541422930466308097,2022-06-27 14:07:19+00:00,midlands,Meanwhile in uk we have herd immunity! Alarm in Beijing after announcement zero Covid policy may last five years China The Guardian ,0,0.06666666666666667,0.0,Neutral,-0.4003,Negative
153,153,1541408072136118272,2022-06-27 13:08:17+00:00,"Manchester, England","And just like that, current infections have surpassed the first Omicron wave. Herd immunity was supposed to end the pandemic, instead .. ",0,0.3666666666666667,0.125,Positive,0.3612,Positive
154,154,1541383148092669958,2022-06-27 11:29:14+00:00,," Herd immunity gt 2 people in my family had COVID 3x this calendar year, I've had it twice.",1,0.0,0.0,Neutral,0.2732,Positive
155,155,1541353484238426113,2022-06-27 09:31:22+00:00,"London, England","Studies amp real life patients! show organ damage, brain dysfunction amp chronic health issues post #Covid, even in healthy people amp children. Herd immunity looks unlikely, reinfections amp hospitalisations rising. More mutations. So what is the plan, exactly? #covid19 #LongCovid",0,0.41,0.2,Positive,-0.5562,Negative
156,156,1541343680216326144,2022-06-27 08:52:24+00:00,"New Mexico, USA","I MAY ONE DAY DIE OF COVID But one thing is for damn sure. I won t be dying of some random, hideous side effect of the Covid vaccine! I just couldn t bring myself to be injected w a foreign substance I couldn t un take if things went south! Herd immunity! No regrets! ",0,0.4284722222222222,-0.064453125,Negative,0.7555,Positive
157,157,1541322873763160064,2022-06-27 07:29:44+00:00,UK,"My husband has Covid again. A plague of locusts on the herd immunity ideologues who have agitated for two and a half years to let this thing rip and have won, to everyone's cost. There is no immunity to this thing. And its consequences are long term morbidity for millions.",0,0.2833333333333333,-0.10833333333333334,Negative,-0.128,Negative
158,158,1541295628810174466,2022-06-27 05:41:28+00:00,Nairobi,"Have we achieved herd immunity? Covid 19 is like a moving target even when one is vaccinated, the immunity is not long lasting Prof Julius Oyugi #YourWorld ",0,0.2,0.0125,Positive,0.3612,Positive
159,159,1541239296119582720,2022-06-27 01:57:37+00:00,WA ,"ItSpeaks4Itself Common Sense Reigns God s Science prevails over so d educated man! idiots FAILED Mankind on Covid 19 ! Scientists,#Fauci tx #Govts #Physicians herd immunity hindered by s goal wasn t 2 heal ",0,0.42500000000000004,-0.5,Negative,-0.254,Negative
160,160,1541234247876620288,2022-06-27 01:37:34+00:00,,"Time for Federal leadership on controls.There is no such thing as herd immunity.Over 5o people died in Australia on Saturday of Covid,50 people.What s happened to dialogue about this.Most people unaware of the long Covid or other health impacts of multiple infects Butler MP ",0,0.355,-0.034999999999999996,Negative,-0.765,Negative
161,161,1541224969128099841,2022-06-27 01:00:41+00:00,UK,"Sir Patrick Vallance, BBC Radio 4, Today Programme, March 13th, 2020, ten days before the first UK lockdown Our aim is to try and reduce the peak, broaden the peak, not suppress it completely ... to build up some kind of herd immunity. He's still not been sacked. ",0,0.32666666666666666,0.19,Positive,0.0,Neutral
162,162,1541195650414821376,2022-06-26 23:04:11+00:00,"kanamaluka, plague island", #politas No data has been offered by Mark Veitch to support his claim that herd immunity has the ability to reduce COVID case numbers in the community. Would you like to see the data?,0,0.0,0.0,Neutral,0.6486,Positive
163,163,1541183365935616000,2022-06-26 22:15:22+00:00,England,"Simple really JAPAN 9.23 million cases amp 31113 Covid Deaths with a Suppression zero covid Strategy UK 22.7 million covid cases amp over 180,000 Covid Deaths with insane Herd immunity Strategy !! both on the same 28 day Stat so if you are proud of that then you have to be INSANE ",0,0.6136904761904761,-0.16666666666666666,Negative,-0.5599,Negative
164,164,1541151694238765056,2022-06-26 20:09:31+00:00,Nutbush City Limits,"Regarding the covid pandemic and the herd immunity way of thinking, I know three, unrelated people who were collateral damage. Only, they were valued, loved people.",0,0.9,0.35,Positive,0.5574,Positive
165,165,1541128117032468482,2022-06-26 18:35:50+00:00,NYC,If you've still any doubt about Democrats amp covid read this doozy And then start demanding actual #PublicTrials after November. We cannot let these fools get away with what they've done to us. ,0,0.1,0.0,Neutral,-0.1955,Negative
166,166,1541127630178631680,2022-06-26 18:33:54+00:00,All over the place!,"I'm afraid Sweden has been in denial about COVID since Feb 2020. They were told it was nothing, then 'flu so far from nothing , then herd immunity would be there by July 2020 if they let it spread, #GBD like. Then hand washing wringing 24 7. And no masks. It's not airborne! ",0,0.95,-0.2375,Negative,0.7163,Positive
167,167,1541124801905016832,2022-06-26 18:22:40+00:00,,I'm no lawyer But I'm told by those who are that charges of Misconduct in Public Office could be brought for The late Covid response The Herd Immunity Project The PPE Scandal Take your pick I went with #CareHomeScandal on the basis of Public Support ,0,0.24444444444444444,-0.09999999999999999,Negative,-0.5499,Negative
168,168,1541113854444589056,2022-06-26 17:39:10+00:00,,Would self spreading vaccines help us reach herd immunity faster? Or would they open Pandora s box? California Bill Allows Kids COVID Jab w o Parent Consent amp Self Spreading Vaccines Move Forward via ,1,0.5,0.0,Neutral,0.6199,Positive
169,169,1541105762079891456,2022-06-26 17:07:00+00:00,Boise ,"Kushner hired Atlas as pandemic adviser but knew that the hiring would not go over well with the government's public health experts. As a result, Atlas was told to continue working remotely from California How hiring the wrong medical expert derailed US ",0,0.2916666666666667,-0.15,Negative,-0.8581,Negative
170,170,1541090015740141568,2022-06-26 16:04:26+00:00,"Professor, Rice U., Houston",How hiring the wrong medical expert derailed US pandemic response ,0,0.45,-0.25,Negative,-0.6705,Negative
171,171,1541083894136524800,2022-06-26 15:40:06+00:00,"Wyoming, USA",In places where it appears wrong a gym leader acquired herd immunity from the coronavirus amp I fell in love with the malakas,0,0.75,0.0,Neutral,0.2732,Positive
172,172,1541061103048085505,2022-06-26 14:09:33+00:00,Sol III,How hiring the wrong medical expert derailed US pandemic response #SmartNews Atlas' hiring by the White House was expected to be so controversial that he was initially instructed to hide his staff ID from the actual government public health experts. ,0,0.30208333333333337,-0.006249999999999992,Negative,-0.8208,Negative
173,173,1541061057678024705,2022-06-26 14:09:22+00:00,Virgo Supercluster,How hiring the wrong medical expert derailed US pandemic response #SmartNews Atlas' hiring by the White House was expected to be so controversial that he was initially instructed to hide his staff ID from the actual government public health experts. ,0,0.30208333333333337,-0.006249999999999992,Negative,-0.8208,Negative
174,174,1541061016829759489,2022-06-26 14:09:12+00:00,Virgo Supercluster,How hiring the wrong medical expert derailed US pandemic response #SmartNews Atlas' hiring by the White House was expected to be so controversial that he was initially instructed to hide his staff ID from the actual government public health experts. ,0,0.30208333333333337,-0.006249999999999992,Negative,-0.8208,Negative
175,175,1541060979626221568,2022-06-26 14:09:03+00:00,Virgo Supercluster. ,How hiring the wrong medical expert derailed US pandemic response #SmartNews Atlas' hiring by the White House was expected to be so controversial that he was initially instructed to hide his staff ID from the actual government public health experts. ,0,0.30208333333333337,-0.006249999999999992,Negative,-0.8208,Negative
176,176,1541057306921938944,2022-06-26 13:54:28+00:00,Australia,"This seems like a problem yet we're just going to remove more masks in places like airports and everywhere else because the pandemic is over apparently. Doesn't seem like it's over, we're in another wave. It's almost like we can't get herd immunity with a fast evolving virus. ",0,0.48333333333333334,0.25,Positive,0.3393,Positive
177,177,1541041453802983424,2022-06-26 12:51:28+00:00,United States,How hiring the wrong medical expert derailed US pandemic response ,0,0.45,-0.25,Negative,-0.6705,Negative
178,178,1541028077630881794,2022-06-26 11:58:19+00:00,"ZAR Zuid Afrika, South Africa",Has any country achieved the so called herd immunity for covid?,0,0.0,0.0,Neutral,0.0,Neutral
179,179,1541018206999117824,2022-06-26 11:19:05+00:00,Houston Texas,How hiring the wrong medical expert derailed US pandemic response ,0,0.45,-0.25,Negative,-0.6705,Negative
180,180,1541016996350988292,2022-06-26 11:14:17+00:00,Vancouver/Aguascalientes/Paris,"The fact that there are repeated COVID reinfections, newer stronger rougher variants and that not even triple vaccinated people will experience mild symptoms seems to me good assurance that the herd immunity strategy is definitely NOT going to work.",0,0.5333333333333333,0.3444444444444444,Positive,0.8625,Positive
181,181,1541002731531411457,2022-06-26 10:17:36+00:00,Sussex UK," and a 3rd wave of Covid19 in 2022 with hospitalisation of all ages with covid rising, herd immunity a myth amp gone AWOL on this critical issue. ",0,0.4,0.0,Neutral,-0.6523,Negative
182,182,1541002458582990848,2022-06-26 10:16:31+00:00,"Chicago, IL",A .gov report! Covid ,0,0.0,0.0,Neutral,0.0,Neutral
183,183,1541001495029714944,2022-06-26 10:12:41+00:00,A Mafia state,"If mass infection makes us immune to Covid, people who had Omicron BA1 amp BA2 shouldn't be getting ill with Omicron BA4 amp BA5, yes? But they are. The only herd immunity that ever worked was via sterilising vaccines. Mask up. Open the windows. Use HEPA filters in your business. ",1,0.8333333333333334,-0.16666666666666666,Negative,0.4795,Positive
184,184,1540966737176412160,2022-06-26 07:54:34+00:00,," We were screaming this from the rooftops for two years Herd immunity was best. Unfortunately it's too late. Unnecessary lockdowns and experimental vaccines have irreversibly damaged natural immune systems. But hey, I'm sure big pharma has the answer ",0,0.5736111111111111,0.0625,Positive,0.5346,Positive
185,185,1540950507144957952,2022-06-26 06:50:05+00:00,,Herd immunity for Covid will NEVER HAPPEN because of the mass vaccination program. Well done sheep. ,1,0.0,0.0,Neutral,0.2732,Positive
186,186,1540935161952493570,2022-06-26 05:49:06+00:00,New York City,"COVID 19 will continue in pandemic form until the world reaches herd immunity. With that, most scientists say, the SARS CoV 2 virus will become endemic always present but transmitted among people at modest, predictable rates. ",0,0.475,0.09999999999999999,Positive,0.0258,Positive
187,187,1540902716209111041,2022-06-26 03:40:10+00:00,"British Columbia, Canada","So, , data shows a massive in COVID work related disability claims starting in Jan 22. Omicron not mild ! And job vacancies are higher than ever, w employers struggling to fill positions. Reinfections herd immunity fail. Watch video amp change course! ",0,0.4666666666666666,-0.09722222222222221,Negative,-0.7835,Negative
188,188,1540880091957276673,2022-06-26 02:10:16+00:00,"Trail, BC, Canada",How hiring the wrong medical expert derailed US pandemic response #science #feedly,0,0.45,-0.25,Negative,-0.6705,Negative
189,189,1540876536907038720,2022-06-26 01:56:09+00:00,Australia,"You know, he s right. Vax does not prevent infection or transmission and does not confer herd immunity or reinfection and the consequences are much more serious on reinfection, and the mutations aren t milder and young people get sicker.Illness badly affects the economy #COVID ",0,0.5538095238095238,-0.029523809523809487,Negative,-0.5813,Negative
190,190,1540845798770053120,2022-06-25 23:54:00+00:00,"New York, NY",Evidence has emerged that the Trump administration embraced a dangerous and discredited herd immunity via mass infection strategy prior to the availability of COVID 19 vaccines and treatments. By Henderson1. #IDtwitter #medtwitter ,0,0.45,-0.3,Negative,-0.7184,Negative
191,191,1540813345300807680,2022-06-25 21:45:03+00:00,,How hiring the wrong medical expert derailed US pandemic response #SmartNews ,0,0.45,-0.25,Negative,-0.6705,Negative
192,192,1540811943950286850,2022-06-25 21:39:28+00:00,"Northern Ireland, UK","Did you know the COVID 19 vaccination programme has failed to attain its stated goal, herd immunity? Universal deployment of prophylaxis vaccines during a pandemic contradicts our understanding of epidemiology. An ill advised experiment. Full video at ",0,0.4625,-0.1625,Negative,-0.8176,Negative
193,193,1540794375642439681,2022-06-25 20:29:40+00:00,"Ottawa, ON Canada","Would people even stand up for the disabled if we were targeted? Many of you didn't believe in helping protect us from Covid 19 via herd immunity, most of us financially struggle to get by, often at the expense of our health. Would you really be there for us if it came to it?",0,0.3,0.2,Positive,-0.2378,Negative
194,194,1540793445329018880,2022-06-25 20:25:58+00:00,,"It will be interesting to see what effect #Glastonbury has on #covid. Perhaps the vaccines will have gotten us to herd immunity, perhaps not",1,0.5,0.5,Positive,0.4019,Positive
195,195,1540757939262296065,2022-06-25 18:04:53+00:00,,Fauci says 85 of U.S. population will need to be vaccinated against COVID 19 for 'herd immunity' ,0,0.0,0.0,Neutral,0.0,Neutral
196,196,1540754435323723776,2022-06-25 17:50:57+00:00,United Kingdom,One of the few people I know who hadn t had Covid has now tested positive so I can add them to the herd generously trying to afford me immunity ,1,0.3227272727272727,0.013636363636363627,Positive,0.7506,Positive
197,197,1540716173662294016,2022-06-25 15:18:55+00:00,," Somebody loves MISC amp Covid liver failure in unvaxxed kids There are a whole bunch EU antivaxxers, especially Danish US adherents who masquerade as totally rational experts amp who pretend herd immunity with SARS2 is possible, . Rein in the MDs. ",0,0.6900000000000001,-0.023333333333333338,Negative,0.0,Neutral
198,198,1540707176695533571,2022-06-25 14:43:10+00:00,Canada,Trump's COVID Task Force Leader Pushed Back on 'Herd Immunity' Approach MedPage Today ,0,0.0,0.0,Neutral,0.0,Neutral
199,199,1540692178334121987,2022-06-25 13:43:34+00:00,,The CDC Just Pushed Fake News on Covid Child Mortality Tests showkids already have herd immunity Covd is 99 recoverable Pfizer is 0.8 effective J amp J amp Moderna 1.2 AstraZeneca 1.3 WHY risk poisonous vax?,0,0.9,0.04999999999999999,Positive,-0.7003,Negative
200,200,1540676107648675847,2022-06-25 12:39:43+00:00,"St Petersburg, FL",How hiring the wrong medical expert derailed US pandemic response #covid ,0,0.45,-0.25,Negative,-0.6705,Negative
201,201,1540666184189747203,2022-06-25 12:00:17+00:00,,"No one said you needed to vote harder, they said more of us need to vote every time. Do you believe that the vaccination doesn t work since you got vaxed and the pandemic didn t end? If you choose not to vote you re keeping us from political herd immunity.",0,0.19999999999999998,0.13333333333333333,Positive,-0.296,Negative
202,202,1540665508088774656,2022-06-25 11:57:35+00:00,, Deborah Birx argues Scott Atlas encouraged ideas that defied basic principles of public health Trump's COVID Task Force Leader Pushed Back on 'Herd Immunity' Approach ,0,0.06388888888888888,0.0,Neutral,-0.0258,Negative
203,203,1540664805731831811,2022-06-25 11:54:48+00:00,, revealed extensive evidence of...efforts to undermine the nation's public health response to the coronavirus crisis in an attempt to benefit the former president politically. Report Shows Trump Administration Embraced Herd Immunity via Mass Infection ,0,0.125,0.0,Neutral,-0.5106,Negative
204,204,1540651410416717830,2022-06-25 11:01:34+00:00,,"Truth These genetic vaccines are leaky, have poor durability, and even if every man, woman, and child in the US were vaccinated, these products cannot achieve herd immunity and stop COVID. They are not completely safe, and the full risks remain unknown. ",0,0.5625,-0.1,Negative,-0.7732,Negative
205,205,1540630100303122434,2022-06-25 09:36:54+00:00,"Middlesbrough, England","Distraction policy working well, yesterday itn reported on china amp told us the rest of the world had developed herd immunity! BBC reported ONS data of 1000 deaths day now but you,ll die of covid if you go to hospital because thats where you,ll get it, the media eh!",0,0.3,0.15625,Positive,-0.8011,Negative
206,206,1540614978130034689,2022-06-25 08:36:48+00:00,Tory Democide he/they,"AIDS pandemic, this is not hyperbole. Hepatitis Polio TB Meningococcal Increased chickenpox severity Monkeypox This is all easily explained. SARS conferred immunodeficiency causing older diseases to become more transmissible, defeating natural herd immunity ",0,0.5166666666666667,0.30000000000000004,Positive,0.5244,Positive
207,207,1540604758297542656,2022-06-25 07:56:12+00:00,"kanamaluka, plague island"," WELCOME TO THE SHIT SHOW Please, remember the important COVID safe behaviours wash your hands and sanitise, and cover coughs and sneezes Premier Rockliff 9.5. 2022 That, I think, probably reflects some modest level of herd immunity Dr. Veitch 6.6.2022 #politas ",1,0.8200000000000001,0.32,Positive,0.7964,Positive
208,208,1540599136860311553,2022-06-25 07:33:51+00:00,,"Dr. Naomi Wolf Fauci told the World Economic Forum that 'herd immunity' and current vaccines are not viable long term options for controlling SARSCOV2 he says we need a broader SARSCOV2 vaccine. So get ready, folks, cuz that's their game plan. ",0,0.38,-0.009999999999999998,Negative,0.4173,Positive
209,209,1540586428777857024,2022-06-25 06:43:21+00:00,North Yorkshire. Plague Island," Johnson s dither and delay, his pursuit of herd immunity, of us taking it on the chin probably cost 100,000 lives during the pandemic. He should be removed from office and tried for #Democide. #JohnsonOut152 #ToryPoverty like their #Covid strategy is a political choice! ",0,0.1,0.0,Neutral,0.126,Positive
210,210,1540580466780143618,2022-06-25 06:19:40+00:00,Scotland,#The rise of the #Omicron variant has shattered any remaining illusions of #herd immunity. We are on the brink of our #third Omicron wave in barely six months. ,0,0.05,0.025,Positive,-0.4767,Negative
211,211,1540576993313685504,2022-06-25 06:05:52+00:00,"Rosedale, North York Moors","You ve had Covid. Because it is such a harmless virus, you are just one of the 60 70 of people that never had any symptoms. Herd immunity rocks! ",1,0.5,0.0,Neutral,0.3164,Positive
212,212,1540575271262224384,2022-06-25 05:59:01+00:00,USA üá∫üá∏ Texas variant üåä ,". New Select Subcommittee Report Reveals Full Scope Of Trump Administration s Embrace Of A Dangerous And Discredited Herd Immunity Via Mass Infection Strategy Jun 21, 2022 ",0,0.6348484848484849,-0.03787878787878788,Negative,-0.5719,Negative
213,213,1540564503775088642,2022-06-25 05:16:14+00:00,USA,"Deborah Birx, who coordinated the pandemic response during the Trump administration, said former president Donald Trump was swayed by dangerous ideas about the coronavirus, including unfounded claims about herd immunity and unproven treatments. ",0,0.45,-0.3,Negative,-0.4767,Negative
214,214,1540555679106158593,2022-06-25 04:41:10+00:00,"Las Vegas, NV, USA",This is utterly monstrous. Seek out the worst guy offering the worst advice. How hiring the wrong medical expert derailed US pandemic response ,0,0.78,-0.5,Negative,-0.9287,Negative
215,215,1540544310877102081,2022-06-25 03:56:00+00:00,Shanghai,"#Shanghai has begun offering #COVID 19 #boostershots with different #vaccines to enhance herd immunity against the fast mutating #coronavirus. All subdistricts and towns in the Pudong New Area have initiated the vaccination method, known as sequential immunization. ",1,0.5515151515151515,0.11212121212121212,Positive,0.0,Neutral
216,216,1540540885615747072,2022-06-25 03:42:23+00:00,USA,"The graph or low vaccinated Urk's Covid levels in sewage closely resembles the graph of low vaccinated Bulgaria's Covid cases. Here we see Herd Immunity Urk, Bulgaria vs Herd Mentality Portugal, rest of Netherlands etc . Discussed here ",0,0.3,0.0,Neutral,-0.4939,Negative
217,217,1540530285837697030,2022-06-25 03:00:16+00:00,,"HERD IMMUNITY. With two new COVID variants coming that will be tested again. If it holds, that will be bullish. Watchful waiting for now with a hopeful turn in ALL critical economic insults on the horizon.",1,0.48484848484848486,0.11212121212121212,Positive,-0.2023,Negative
218,218,1540528772474175488,2022-06-25 02:54:15+00:00,,"Deborah Birx, who coordinated the pandemic response during the Trump administration, said former president Donald Trump was swayed by dangerous ideas about the coronavirus, including unfounded claims about herd immunity and unproven treatments.",0,0.45,-0.3,Negative,-0.4767,Negative
219,219,1540527499557232640,2022-06-25 02:49:12+00:00,,"My humble opinion Covid 19 has started to raise its ugly head. A good mask is essential though vaccinated and boosted. The severity may not life threatening as in the past due to herd immunity and loss of virulence. However, people with co comorbidities must be very cautious.",1,0.4607142857142857,-0.05357142857142856,Negative,0.2223,Positive
220,220,1540458398164074498,2022-06-24 22:14:37+00:00,"washington, dc",Why we should still care about COVID and not surrender to herd immunity ,0,0.0,0.0,Neutral,0.4939,Positive
221,221,1540456007834316801,2022-06-24 22:05:07+00:00,"Earth, PNW",That was the point. How hiring the wrong medical expert derailed US pandemic response Ars Technica ,0,0.45,-0.25,Negative,-0.6705,Negative
222,222,1540445969967452160,2022-06-24 21:25:13+00:00,Estonia,anybody remembers the idea of herd immunity to overcome our ongoing Covid19 pandemic? Ars Technica has a great piece about how and where this idea is coming from ,1,0.75,0.8,Positive,0.6249,Positive
223,223,1540425863627431936,2022-06-24 20:05:20+00:00,Toronto,"How hiring the wrong medical expert derailed US pandemic response This makes so much sense. But the damage is already done. Thanks, Trumps, yet again... is there anything that family touched that hasn't ended up fucked up beyond all reason? ",0,0.4,-0.13999999999999999,Negative,0.3765,Positive
224,224,1540424904666931202,2022-06-24 20:01:31+00:00,"metro Detroit, Michigan","Missed this news earlier this week of the Select Subcommittee report. Dr. Atlas incorrectly estimated that the coronavirus 'would cause about 10,000 deaths' which he wrote was comparable to the toll from a normal flu season and 'would be unnoticed'... ",0,0.5833333333333334,-0.016666666666666673,Negative,-0.5859,Negative
225,225,1540419698495328256,2022-06-24 19:40:50+00:00,random,How hiring the wrong medical expert derailed US pandemic response ,0,0.45,-0.25,Negative,-0.6705,Negative
226,226,1540416982213967872,2022-06-24 19:30:02+00:00,,Hope of Herd Immunity Dwindles Alongside Federal COVID 19 Budget and Supplies ADTX and AditxtScore TM Could Create Map to COVID 19 Immune Responses ,0,0.0,0.0,Neutral,0.7351,Positive
227,227,1540415723650039808,2022-06-24 19:25:02+00:00,"Los Angeles, CA",Hope of Herd Immunity Dwindles Alongside Federal COVID 19 Budget and Supplies ADTX and AditxtScore TM Could Create Map to COVID 19 Immune Responses ,0,0.0,0.0,Neutral,0.7351,Positive
228,228,1540415026074353664,2022-06-24 19:22:16+00:00,,"Like the Great Barrington Declaration and herd immunity? The Washington Post Trump swayed by 'dangerous ideas' about coronavirus, Birx tells House panel. via ",0,0.825,0.10000000000000003,Positive,0.5423,Positive
229,229,1540409439773147142,2022-06-24 19:00:04+00:00,"San Francisco, California",Hope of Herd Immunity Dwindles Alongside Federal COVID 19 Budget and Supplies ADTX and AditxtScore TM Could Create Map to COVID 19 Immune Responses ,0,0.0,0.0,Neutral,0.7351,Positive
230,230,1540400142418862080,2022-06-24 18:23:07+00:00,"Guelph, Ontario",How hiring the wrong medical expert derailed US pandemic response ,0,0.45,-0.25,Negative,-0.6705,Negative
231,231,1540399275804442624,2022-06-24 18:19:41+00:00,Suburban Chicago,How hiring the wrong medical expert derailed US pandemic response ,0,0.45,-0.25,Negative,-0.6705,Negative
232,232,1540395500612030464,2022-06-24 18:04:41+00:00,"New York, NY",How hiring the wrong medical expert derailed US pandemic response ,0,0.45,-0.25,Negative,-0.6705,Negative
233,233,1540392218178949120,2022-06-24 17:51:38+00:00,"Los Angeles, California",I shouldn't be surprised that the Trump administration was callous and directed by what they wanted to believe rather than reality to the point that they welcomed an unqualified harbinger of death to lead their COVID policy ,0,0.9,0.1,Positive,-0.4881,Negative
234,234,1540389417998700544,2022-06-24 17:40:30+00:00,"West Coast, World Citizen ","In the wake of covid, I don't know if we ever reached herd immunity, but we've definitely reached herd stupidity.",0,0.75,-0.3,Negative,0.128,Positive
235,235,1540383716408688649,2022-06-24 17:17:51+00:00,Everywhere,"The GOP across the country, including Trump's appointment of Scott Atlas, advocated for policies to expose everyone to Covid, killing off sick and the old in order to provoke Herd immunity Prolife my.......",0,0.5285714285714286,-0.30714285714285716,Negative,-0.9001,Negative
236,236,1540377285156515842,2022-06-24 16:52:18+00:00,"Winnipeg, Manitoba", ADTX Hope of Herd Immunity Dwindles Alongside Federal COVID 19 Budget and Supplies Aditxt Inc. NASDAQ ADTX and AditxtScore TM Could Create Map to COVID 19 Immune Responses ,0,0.0,0.0,Neutral,0.7351,Positive
237,237,1540373089262993408,2022-06-24 16:35:37+00:00,Somewhere near the Cotswolds,"The problem with trying for herd immunity is that we end up with the COVID19 virus evolving into better and better variants, where better means 'has an evolutionary advantage' to it not us. ",0,0.5,0.5,Positive,0.7906,Positive
238,238,1540369061913280513,2022-06-24 16:19:37+00:00,"Parish, NY","THINNING THE HERD How Trump hiring the wrong medical expert derailed US pandemic response An advocate for herd immunity inside the White House pushed to increase infections. JOHN TIMMER 6 23 2022, 1 49 PM ",0,0.3,-0.16666666666666666,Negative,-0.4939,Negative
239,239,1540337233143775234,2022-06-24 14:13:09+00:00,"Detroit, Michigan",How hiring the wrong medical expert derailed US pandemic response ,0,0.45,-0.25,Negative,-0.6705,Negative
240,240,1540334935541694468,2022-06-24 14:04:01+00:00,"Tampa, FL",How hiring the wrong medical expert derailed US pandemic response Ars Technica ,0,0.45,-0.25,Negative,-0.6705,Negative
241,241,1540334173378019330,2022-06-24 14:00:59+00:00,,"Anti science legislators, all the way up to the level of POTUS, endanger lives ...the US's response to the coronavirus pandemic went so wrong that the country ended up with over a million deaths and one of the worst per capita death rates in the world. ",0,0.95,-0.75,Negative,-0.9359,Negative
242,242,1540322613494714369,2022-06-24 13:15:03+00:00,Shanghai,#Shanghai has begun offering #COVID19 #boostershots with different vaccines to enhance herd immunity against the fast mutating coronavirus. ,1,0.6,0.1,Positive,0.0,Neutral
243,243,1540310299760365568,2022-06-24 12:26:07+00:00,"Toronto, ON, CDA"," aJSD IMO, Scott Atlas is more of a heard immunity enthusiast How hiring the wrong medical expert derailed US pandemic response An advocate for herd immunity inside the White House pushed to increase infections. ",0,0.35,0.0,Neutral,-0.1779,Negative
244,244,1540309419363368961,2022-06-24 12:22:37+00:00,,NOBODY CARES! HERD IMMUNITY IS THE ONLY WAY OUT OF A PANDEMIC ,0,1.0,0.0,Neutral,0.5093,Positive
245,245,1540300550704619522,2022-06-24 11:47:23+00:00,,How hiring the wrong medical expert derailed US pandemic response #SmartNews ,0,0.45,-0.25,Negative,-0.6705,Negative
246,246,1540299959853109250,2022-06-24 11:45:02+00:00,"Washington, DC",Putting ideology over science made the COVID 19 pandemic in the US much worse ,0,0.6,-0.4,Negative,-0.4767,Negative
247,247,1540298158588174339,2022-06-24 11:37:53+00:00,RI,How hiring the wrong medical expert derailed US pandemic response #SmartNews ,0,0.45,-0.25,Negative,-0.6705,Negative
248,248,1540292125308354562,2022-06-24 11:13:54+00:00,Canada üá®üá¶,This No mystery here #COVID19 The proponents of herd immunity advocate the deliberate mass infection of the young. Keeping schools open is central to forcing parents into unsafe workplaces and preventing any disruption to profits cc ,0,0.3833333333333333,0.03333333333333333,Positive,-0.2263,Negative
249,249,1540284805396545538,2022-06-24 10:44:49+00:00,I live in Ohio ,"Natural immunity offers greater COVID protection than vaccines, study finds. This is the only path toward herd immunity ",1,0.475,0.175,Positive,0.6124,Positive
250,250,1540281881241042950,2022-06-24 10:33:12+00:00,,"Dr. Geert Vanden Bossche Covid Infection, Disease to Aggravate in Vaccinated Mass vaccination with leaky vaccines could not lead to herd immunity. ",0,0.0,0.0,Neutral,-0.5423,Negative
251,251,1540276072054259714,2022-06-24 10:10:07+00:00,"Wyoming, USA",a lifer with glowing red eyes acquired herd immunity from the coronavirus,1,0.0,0.0,Neutral,0.0,Neutral
252,252,1540273370041749504,2022-06-24 09:59:22+00:00,NC,MUST READ REPORT So J. Kushner Hired Quack Dr. Scott Atlas to Push Herd Immunity Strategy with Trump WH amp undermine CDC measures rather that promote preventative measures until the vaccines were readily available ,0,0.4,0.4,Positive,0.1027,Positive
253,253,1540264612486168576,2022-06-24 09:24:35+00:00,,"And of course they are still talk about getting big calls right, despite his absence from #covid Cobrameetings, running down PPE, herd immunity , underfunding #nhs, scale of Covid contract corruption, lawbreaking, attempt to suppress parliament, undermining Good Friday agreement ",0,0.3049206349206349,0.163531746031746,Positive,0.5574,Positive
254,254,1540259593883901953,2022-06-24 09:04:38+00:00,Norway,How hiring the wrong medical expert derailed US pandemic response ,0,0.45,-0.25,Negative,-0.6705,Negative
255,255,1540259289759068160,2022-06-24 09:03:25+00:00,"Suginami-ku, Tokyo-to, Japan","I've never understood the idea of herd immunity for covid from day 1, as from my understanding the common cold is also a type of coronavirus. And does anybody have herd immunity from the common cold? ",0,0.75,-0.44999999999999996,Negative,0.0,Neutral
256,256,1540254454410366976,2022-06-24 08:44:13+00:00,"North East, England",People who said the Tories wouldn't lose because voters don't like wokeness are now disabused. The coup is almost complete. Well done to the cupboard jumping lockdown sceptics who put their egos ahead of Britain's future and refused to talk about the herd immunity capitulation.,0,0.2625,0.05,Positive,-0.2336,Negative
257,257,1540253242663309312,2022-06-24 08:39:24+00:00,"Louisiana, USA",COVID proving again that Herd immunity does not exist. ,0,0.0,0.0,Neutral,0.0,Neutral
258,258,1540249686207918080,2022-06-24 08:25:16+00:00,Thinkstan,How hiring the wrong medical expert derailed US pandemic response ,0,0.45,-0.25,Negative,-0.6705,Negative
259,259,1540245210000633856,2022-06-24 08:07:29+00:00,SoCal,How hiring the wrong medical expert derailed US pandemic response #SmartNews ,0,0.45,-0.25,Negative,-0.6705,Negative
260,260,1540245066664382464,2022-06-24 08:06:54+00:00,University North Texas,Can anyway find ANY of those experts that talked up herd immunity? #COVID19 #covidau living with #covid working ? Let s me start with Creighton any others?,0,0.0,0.0,Neutral,0.0,Neutral
261,261,1540244224024903680,2022-06-24 08:03:34+00:00,University North Texas,Covid 19 reinfections expected to rise. Where are all those experts that claimed the term herd immunity? ,0,0.4,-0.1,Negative,0.0,Neutral
262,262,1540238968817876992,2022-06-24 07:42:41+00:00,Melbourne,"Geez, really looking like media and Libs completely wrong about Teals, ALP and Greens all working together. And wrong about PRGuy. And wrong about covid herd immunity. And wrong about Libs ability to government or opposition. Consistently wrong about everything basically. #Auspol",0,0.7833333333333333,-0.3833333333333333,Negative,-0.8937,Negative
263,263,1540230888734302208,2022-06-24 07:10:34+00:00,,So injecting small children with a vaccine designed for the alpha strain is going to change the course of the so called pandemic. Those who have had no problems with this virus for 2yrs and perhaps are our last chance of herd immunity. That makes perfect sense doesn't it ,0,0.48888888888888893,0.25,Positive,0.7755,Positive
264,264,1540229948249673728,2022-06-24 07:06:50+00:00,,New How hiring the wrong medical expert derailed US pandemic response ,0,0.4515151515151515,-0.12121212121212122,Negative,-0.6705,Negative
265,265,1540229525006684160,2022-06-24 07:05:09+00:00,Forest of Dean,Wow! A lot of the big decisions right during covid You got so many decisions wrong and had to u turn! Herd immunity? Ppe? Care homes? Eat out to help out? Partygate? #outoftouch,0,0.6071428571428571,0.05714285714285714,Positive,0.8351,Positive
266,266,1540219209858301953,2022-06-24 06:24:10+00:00,,"When people say herd immunity in the context of COVID, this is what it means. The great barrington declaration made this little experiment in eugenics official policy. ",0,0.625,0.30625,Positive,0.6249,Positive
267,267,1540213246644420614,2022-06-24 06:00:28+00:00,"Burlington, VT",How hiring the wrong medical expert derailed US pandemic response ,0,0.45,-0.25,Negative,-0.6705,Negative
268,268,1540212603712319488,2022-06-24 05:57:55+00:00,"Oami, Chiba, Japan",New report on how Scott Atlas made herd immunity an unofficial US policy How hiring the wrong medical expert derailed US pandemic response An advocate for herd immunity inside the White House pushed to increase infections. ,0,0.3386363636363636,-0.09090909090909091,Negative,-0.4939,Negative
269,269,1540208496272199682,2022-06-24 05:41:35+00:00,,How hiring the wrong medical expert derailed US pandemic response #science ,0,0.45,-0.25,Negative,-0.6705,Negative
270,270,1540206184220676097,2022-06-24 05:32:24+00:00,Australia,"Seems like Gerrard's necessary that all Qlders catch Covid to achieve herd immunity didn t work, huh? So now he s abandoning public health measures amp foisting the burden onto GPs and EDs. That is absolute dereliction of duty amp he should be sacked. He has 1 job public health! ",0,0.5083333333333334,0.05,Positive,-0.5093,Negative
271,271,1540204053682077696,2022-06-24 05:23:56+00:00,"London, England",Impt new #covid19 info re reinfection..read entire thread.herd immunity study signals is that reinfection is common already gt 12 and it is likely to carry significant risk to those who get reinfected and likely a substantial additional burden on health systems and society ,0,0.7424242424242425,0.035227272727272725,Positive,-0.0772,Negative
272,272,1540197143541055488,2022-06-24 04:56:29+00:00,Danmark,"German health minister Lauterbach has the capability to read and analyse valid scientifically documented data. Unlike who denies the threath Covid is to the population. continues with the herd immunity strategy, although covid continuously mutate and ",0,0.0,0.0,Neutral,-0.4215,Negative
273,273,1540193260236197891,2022-06-24 04:41:03+00:00,"Long Island, NY",How hiring the wrong medical expert derailed US pandemic response ,0,0.45,-0.25,Negative,-0.6705,Negative
274,274,1540177210694602752,2022-06-24 03:37:16+00:00,,"Welp, who could've seen this coming? Your risk of death, hospitalisation amp post COVID illnesses in all organ systems increases with each reinfection. Herd immunity is a joke, amp not a funny one, a dangerous one. Our government fails us all once again. ",0,0.7333333333333333,-0.4083333333333334,Negative,-0.9361,Negative
275,275,1540160082440241152,2022-06-24 02:29:13+00:00,"New York, USA"," Johnson government used the pandemic to implement a massive transfer of social wealth to the major corporations, while imposing a herd immunity policy that killed 200,000 people and left millions with long term illness. ",0,0.3277777777777778,-0.025694444444444447,Negative,-0.6872,Negative
276,276,1540143064475639808,2022-06-24 01:21:35+00:00,"California, USA",How hiring the wrong medical expert derailed US pandemic response ,0,0.45,-0.25,Negative,-0.6705,Negative
277,277,1540139913567301633,2022-06-24 01:09:04+00:00,"Portland, OR",How hiring the wrong medical expert derailed US pandemic response ,0,0.45,-0.25,Negative,-0.6705,Negative
278,278,1540138957220073473,2022-06-24 01:05:16+00:00,"St Petersburg, FL",Trump's COVID Task Force Leader Pushed Back on 'Herd Immunity' Approach MedPage Today ,0,0.0,0.0,Neutral,0.0,Neutral
279,279,1540138337050062848,2022-06-24 01:02:48+00:00,"Seattle, WA, USA (mostly)","How hiring the wrong medical expert derailed US pandemic response Scott Atlas, a White House adviser, used his position to advocate for allowing the SARS CoV 2 virus to spread and tried to block testing for it, which would further that goal. ",0,0.35,-0.125,Negative,-0.8126,Negative
